CLAVE DE LA INSTITUCION,number_of_hospitals,camas,population_insured,beds per 1000
SMP,451,5420,605038,8.958115027485878
OTHERS,11,1262,152621,8.268848978843016
SSA,55,7390,2009093,3.678276714915636
PEMEX,2,240,101922,2.354741861423441
IMSS,29,5989,3233124,1.8523879690355212
ISSSTE,8,1848,1096209,1.6858099139853806
